,file,Lt,month,semester,age
0,"GUU-Deneb-Amo2-21Jan08-100-25,4-2-0,5.jpg",25.4,Jan,S1,6
1,"GUU-Deneb-Amo2-21Jan08-101-25,2-2-0,5.jpg",25.2,Jan,S1,1
2,"GUU-Deneb-Amo2-21Jan08-102-25-2-0,5.jpg",25.0,Jan,S1,1
3,"GUU-Deneb-Amo2-21Jan08-103-26,1-2-0,5.jpg",26.1,Jan,S1,4
4,"GUU-Deneb-Amo2-21Jan08-104-26,2-1,6-0,5.jpg",26.2,Jan,S1,5
5,"GUU-Deneb-Amo2-21Jan08-105-26,7-1,6-0,5.jpg",26.7,Jan,S1,5
6,"GUU-Deneb-Amo2-21Jan08-106-26-2-0,5.jpg",26.0,Jan,S1,4
7,"GUU-Deneb-Amo2-21Jan08-107-27-1,6-0,5.jpg",27.0,Jan,S1,4
8,"GUU-Deneb-Amo2-21Jan08-47-19,5-2-0,5.jpg",19.5,Jan,S1,4
9,"GUU-Deneb-Amo2-21Jan08-48-19,6-2-0,5.jpg",19.6,Jan,S1,3
10,"GUU-Deneb-Amo2-21Jan08-49-20,9-2-0,5.jpg",20.9,Jan,S1,4
11,"GUU-Deneb-Amo2-21Jan08-50-20,5-2-0,5.jpg",20.5,Jan,S1,6
12,"GUU-Deneb-Amo2-21Jan08-51-20,5-2-0,5.jpg",20.5,Jan,S1,3
13,"GUU-Deneb-Amo2-21Jan08-52-20,9-2-0,5.jpg",20.9,Jan,S1,4
14,"GUU-Deneb-Amo2-21Jan08-53-21,3-2-0,5.jpg",21.3,Jan,S1,3
15,"GUU-Deneb-Amo2-21Jan08-54-21-2-0,5.jpg",21.0,Jan,S1,2
16,"GUU-Deneb-Amo2-21Jan08-55-21,7-2-0,5.jpg",21.7,Jan,S1,2
17,"GUU-Deneb-Amo2-21Jan08-56-21,4-2-0,5.jpg",21.4,Jan,S1,4
18,"GUU-Deneb-Amo2-21Jan08-57-21,5-2-0,5.jpg",21.5,Jan,S1,2
19,"GUU-Deneb-Amo2-21Jan08-58-21,2-2-0,5.jpg",21.2,Jan,S1,3
20,"GUU-Deneb-Amo2-21Jan08-59-21,8-2-0,5.jpg",21.8,Jan,S1,5
21,"GUU-Deneb-Amo2-21Jan08-60-21,2-2-0,5.jpg",21.2,Jan,S1,2
22,"GUU-Deneb-Amo2-21Jan08-61-21,3-2-0,5.jpg",21.3,Jan,S1,2
23,"GUU-Deneb-Amo2-21Jan08-62-21,7-2-0,5.jpg",21.7,Jan,S1,2
24,"GUU-Deneb-Amo2-21Jan08-63-22,9-2-0,5.jpg",22.9,Jan,S1,2
25,"GUU-Deneb-Amo2-21Jan08-64-22,1-2-0,5.jpg",22.1,Jan,S1,1
26,"GUU-Deneb-Amo2-21Jan08-65-22-2-0,5.jpg",22.0,Jan,S1,3
27,"GUU-Deneb-Amo2-21Jan08-66-22,3-2-0,5.jpg",22.3,Jan,S1,5
28,"GUU-Deneb-Amo2-21Jan08-67-22,6-2-0,5.jpg",22.6,Jan,S1,7
29,"GUU-Deneb-Amo2-21Jan08-68-22,9-2-0,5.jpg",22.9,Jan,S1,5
30,"GUU-Deneb-Amo2-21Jan08-69-22,8-2-0,5.jpg",22.8,Jan,S1,3
31,"GUU-Deneb-Amo2-21Jan08-70-22,4-2-0,5.jpg",22.4,Jan,S1,3
32,"GUU-Deneb-Amo2-21Jan08-71-22,8-2-0,5.jpg",22.8,Jan,S1,4
33,"GUU-Deneb-Amo2-21Jan08-72-22,7-2-0,5.jpg",22.7,Jan,S1,2
34,"GUU-Deneb-Amo2-21Jan08-73-23,8-2-0,5.jpg",23.8,Jan,S1,4
35,"GUU-Deneb-Amo2-21Jan08-74-23,7-2-0,5.jpg",23.7,Jan,S1,4
36,"GUU-Deneb-Amo2-21Jan08-75-23,9-2-0,5.jpg",23.9,Jan,S1,5
37,"GUU-Deneb-Amo2-21Jan08-76-23,4-2-0,5.jpg",23.4,Jan,S1,7
38,"GUU-Deneb-Amo2-21Jan08-77-23,9-2-0,5.jpg",23.9,Jan,S1,4
39,"GUU-Deneb-Amo2-21Jan08-78-23,5-2-0,5.jpg",23.5,Jan,S1,4
40,"GUU-Deneb-Amo2-21Jan08-79-23,9-2-0,5.jpg",23.9,Jan,S1,5
41,"GUU-Deneb-Amo2-21Jan08-80-23-2-0,5.jpg",23.0,Jan,S1,3
42,"GUU-Deneb-Amo2-21Jan08-81-23-2-0,5.jpg",23.0,Jan,S1,4
43,"GUU-Deneb-Amo2-21Jan08-82-23,5-2-0,5.jpg",23.5,Jan,S1,3
44,"GUU-Deneb-Amo2-21Jan08-83-24,7-2-0,5.jpg",24.7,Jan,S1,5
45,"GUU-Deneb-Amo2-21Jan08-84-24,6-2-0,5.jpg",24.6,Jan,S1,4
46,"GUU-Deneb-Amo2-21Jan08-85-24,5-2-0,5.jpg",24.5,Jan,S1,2
47,"GUU-Deneb-Amo2-21Jan08-86-24,6-2-0,5.jpg",24.6,Jan,S1,3
48,"GUU-Deneb-Amo2-21Jan08-87-24-2-0,5.jpg",24.0,Jan,S1,4
49,"GUU-Deneb-Amo2-21Jan08-88-24,3-2-0,5.jpg",24.3,Jan,S1,4
50,"GUU-Deneb-Amo2-21Jan08-89-24,7-2-0,5.jpg",24.7,Jan,S1,5
51,"GUU-Deneb-Amo2-21Jan08-90-24,7-1,6-0,5.jpg",24.7,Jan,S1,5
52,"GUU-Deneb-Amo2-21Jan08-91-24,4-2-0,5.jpg",24.4,Jan,S1,2
53,"GUU-Deneb-Amo2-21Jan08-92-24,5-2-0,5.jpg",24.5,Jan,S1,4
54,"GUU-Deneb-Amo2-21Jan08-93-25,7-2-0,5.jpg",25.7,Jan,S1,6
55,"GUU-Deneb-Amo2-21Jan08-94-25-2-0,5.jpg",25.0,Jan,S1,3
56,"GUU-Deneb-Amo2-21Jan08-95-25,1-2-0,5.jpg",25.1,Jan,S1,5
57,"GUU-Deneb-Amo2-21Jan08-96-25,5-2-0,5.jpg",25.5,Jan,S1,3
58,"GUU-Deneb-Amo2-21Jan08-97-25,7-1,6-0,5.jpg",25.7,Jan,S1,3
59,"GUU-Deneb-Amo2-21Jan08-98-25,8-2-0,5.jpg",25.8,Jan,S1,5
60,"GUU-Deneb-Amo2-21Jan08-99-25,3-1,6-0,5.jpg",25.3,Jan,S1,2
61,"GUU-Deneb-Amo3-19Fev08-108-19,7-2-0,5.jpg",19.7,Fev,S1,4
62,"GUU-Deneb-Amo3-19Fev08-109-20,7-2-0,5.jpg",20.7,Fev,S1,5
63,"GUU-Deneb-Amo3-19Fev08-110-20,6-2,5-0,5.jpg",20.6,Fev,S1,4
64,"GUU-Deneb-Amo3-19Fev08-111-20,9-2-0,5.jpg",20.9,Fev,S1,5
65,"GUU-Deneb-Amo3-19Fev08-112-20,1-2-0,5.jpg",20.1,Fev,S1,3
66,"GUU-Deneb-Amo3-19Fev08-113-20,2-2-0,5.jpg",20.2,Fev,S1,3
67,"GUU-Deneb-Amo3-19Fev08-114-20-2,5-0,5.jpg",20.0,Fev,S1,3
68,"GUU-Deneb-Amo3-19Fev08-115-20-2-0,5.jpg",20.0,Fev,S1,3
69,"GUU-Deneb-Amo3-19Fev08-116-20,8-2-0,5.jpg",20.8,Fev,S1,4
70,"GUU-Deneb-Amo3-19Fev08-117-20,8-2-0,5.jpg",20.8,Fev,S1,4
71,"GUU-Deneb-Amo3-19Fev08-118-20,3-2-0,5.jpg",20.3,Fev,S1,5
72,"GUU-Deneb-Amo3-19Fev08-119-21,4-2-0,5.jpg",21.4,Fev,S1,2
73,"GUU-Deneb-Amo3-19Fev08-120-21,4-2-0,5.jpg",21.4,Fev,S1,3
74,"GUU-Deneb-Amo3-19Fev08-121-21-2-0,5.jpg",21.0,Fev,S1,2
75,"GUU-Deneb-Amo3-19Fev08-122-21,5-2-0,5.jpg",21.5,Fev,S1,2
76,"GUU-Deneb-Amo3-19Fev08-123-21,4-2-0,5.jpg",21.4,Fev,S1,3
77,"GUU-Deneb-Amo3-19Fev08-124-21,6-2-0,5.jpg",21.6,Fev,S1,5
78,"GUU-Deneb-Amo3-19Fev08-125-21,5-2-0,5.jpg",21.5,Fev,S1,3
79,"GUU-Deneb-Amo3-19Fev08-126-21,4-2-0,5.jpg",21.4,Fev,S1,4
80,"GUU-Deneb-Amo3-19Fev08-127-21,9-2-0,5.jpg",21.9,Fev,S1,4
81,"GUU-Deneb-Amo3-19Fev08-128-21,2-2-0,5.jpg",21.2,Fev,S1,3
82,"GUU-Deneb-Amo3-19Fev08-129-21,1-2-0,5.jpg",21.1,Fev,S1,8
83,"GUU-Deneb-Amo3-19Fev08-130-22-2-0,5.jpg",22.0,Fev,S1,3
84,"GUU-Deneb-Amo3-19Fev08-131-22,2-2-0,5.jpg",22.2,Fev,S1,4
85,"GUU-Deneb-Amo3-19Fev08-132-22,8-2-0,5.jpg",22.8,Fev,S1,3
86,"GUU-Deneb-Amo3-19Fev08-133-22,2-2-0,5.jpg",22.2,Fev,S1,3
87,"GUU-Deneb-Amo3-19Fev08-134-22-2-0,5.jpg",22.0,Fev,S1,2
88,"GUU-Deneb-Amo3-19Fev08-135-22,1-2-0,5.jpg",22.1,Fev,S1,3
89,"GUU-Deneb-Amo3-19Fev08-136-22,2-2-0,5.jpg",22.2,Fev,S1,3
90,"GUU-Deneb-Amo3-19Fev08-137-22,5-2-0,5.jpg",22.5,Fev,S1,4
91,"GUU-Deneb-Amo3-19Fev08-138-22,6-2-0,5.jpg",22.6,Fev,S1,2
92,"GUU-Deneb-Amo3-19Fev08-139-22-2-0,5.jpg",22.0,Fev,S1,5
93,"GUU-Deneb-Amo3-19Fev08-140-23,9-2-0,5.jpg",23.9,Fev,S1,3
94,"GUU-Deneb-Amo3-19Fev08-141-23,2-2-0,5.jpg",23.2,Fev,S1,3
95,"GUU-Deneb-Amo3-19Fev08-142-23,3-2-0,5.jpg",23.3,Fev,S1,2
96,"GUU-Deneb-Amo3-19Fev08-143-23,5-2-0,5.jpg",23.5,Fev,S1,4
97,"GUU-Deneb-Amo3-19Fev08-144-23,1-2-0,5.jpg",23.1,Fev,S1,3
98,"GUU-Deneb-Amo3-19Fev08-145-23,9-2-0,5.jpg",23.9,Fev,S1,7
99,"GUU-Deneb-Amo3-19Fev08-146-23,3-2-0,5.jpg",23.3,Fev,S1,3
100,"GUU-Deneb-Amo3-19Fev08-147-23,8-2-0,5.jpg",23.8,Fev,S1,2
101,"GUU-Deneb-Amo3-19Fev08-148-23,3-2-0,5.jpg",23.3,Fev,S1,1
102,"GUU-Deneb-Amo3-19Fev08-149-23,8-2-0,5.jpg",23.8,Fev,S1,5
103,"GUU-Deneb-Amo3-19Fev08-150-24,7-2-0,5.jpg",24.7,Fev,S1,4
104,"GUU-Deneb-Amo3-19Fev08-151-24,8-2-0,5.jpg",24.8,Fev,S1,4
105,"GUU-Deneb-Amo3-19Fev08-152-24,9-2-0,5.jpg",24.9,Fev,S1,1
106,"GUU-Deneb-Amo3-19Fev08-153-24,3-1,6-0,5.jpg",24.3,Fev,S1,5
107,"GUU-Deneb-Amo3-19Fev08-154-24,7-2-0,5.jpg",24.7,Fev,S1,4
108,"GUU-Deneb-Amo3-19Fev08-155-24-2-0,5.jpg",24.0,Fev,S1,4
109,"GUU-Deneb-Amo3-19Fev08-156-24,7-1,6-0,5.jpg",24.7,Fev,S1,6
110,"GUU-Deneb-Amo3-19Fev08-157-24,2-2-0,5.jpg",24.2,Fev,S1,4
111,"GUU-Deneb-Amo3-19Fev08-158-24,4-2-0,5.jpg",24.4,Fev,S1,3
112,"GUU-Deneb-Amo3-19Fev08-159-24,8-2-0,5.jpg",24.8,Fev,S1,2
113,"GUU-Deneb-Amo3-19Fev08-160-25,8-1,6-0,5.jpg",25.8,Fev,S1,4
114,"GUU-Deneb-Amo3-19Fev08-161-25,9-2-0,5.jpg",25.9,Fev,S1,3
115,"GUU-Deneb-Amo3-19Fev08-162-25,2-2-0,5.jpg",25.2,Fev,S1,4
116,"GUU-Deneb-Amo3-19Fev08-163-25,1-2-0,5.jpg",25.1,Fev,S1,6
117,"GUU-Deneb-Amo3-19Fev08-164-25,7-1,6-0,5.jpg",25.7,Fev,S1,2
118,"GUU-Deneb-Amo3-19Fev08-165-25-2-0,5.jpg",25.0,Fev,S1,2
119,"GUU-Deneb-Amo3-19Fev08-166-25,7-2-0,5.jpg",25.7,Fev,S1,4
120,"GUU-Deneb-Amo3-19Fev08-167-25,5-1,6-0,5.jpg",25.5,Fev,S1,4
121,"GUU-Deneb-Amo3-19Fev08-168-25,7-1,6-0,5.jpg",25.7,Fev,S1,3
122,"GUU-Deneb-Amo3-19Fev08-169-25,1-2-0,5.jpg",25.1,Fev,S1,4
123,"GUU-Deneb-Amo3-19Fev08-170-26,9-1,6-0,5.jpg",26.9,Fev,S1,5
124,"GUU-Deneb-Amo3-19Fev08-171-26,5-2-0,5.jpg",26.5,Fev,S1,4
125,"GUU-Deneb-Amo3-19Fev08-172-26,6-2-0,5.jpg",26.6,Fev,S1,3
126,"GUU-Deneb-Amo3-19Fev08-173-26,4-2-0,5.jpg",26.4,Fev,S1,3
127,"GUU-Deneb-Amo3-19Fev08-174-26,5-2-0,5.jpg",26.5,Fev,S1,6
128,"GUU-Deneb-Amo3-19Fev08-175-26,6-1,6-0,5.jpg",26.6,Fev,S1,3
129,"GUU-Deneb-Amo3-19Fev08-176-26,6-1,6-0,5.jpg",26.6,Fev,S1,2
130,"GUU-Deneb-Amo3-19Fev08-177-27,3-2-0,5.jpg",27.3,Fev,S1,2
131,"GUU-Deneb-Amo3-19Fev08-178-27-2-0,5.jpg",27.0,Fev,S1,4
132,"GUU-Deneb-Amo3-19Fev08-179-28,5-2-0,5.jpg",28.5,Fev,S1,3
133,"GUU-Deneb-Amo3-19Fev08-180-28,9-2-0,5.jpg",28.9,Fev,S1,4
134,"GUU-Deneb-Amo3-19Fev08-181-28,4-1,6-0,5.jpg",28.4,Fev,S1,4
135,"GUU-Draco-Amo9-29Mai08-459-19,8-2-0,5-.jpg",19.8,Mai,S1,3
136,"GUU-Draco-Amo9-29Mai09-460-19,7-2-0,5-.jpg",19.7,Mai,S1,3
137,"GUU-Draco-Amo9-29Mai10-461-21,4-2-0,5-ESQ.jpg",21.4,Mai,S1,5
138,"GUU-Draco-Amo9-29Mai11-462-21,7-2-0,5-DIR.jpg",21.7,Mai,S1,2
139,"GUU-Draco-Amo9-29Mai12-463-23,1-2-0,5-.jpg",23.1,Mai,S1,2
140,"GUU-Draco-Amo9-29Mai13-464-21,1-2-0,5-.jpg",21.1,Mai,S1,4
141,"GUU-Draco-Amo9-29Mai20-471-22,2-2-0,5-.jpg",22.2,Mai,S1,5
142,"GUU-Draco-Amo9-29Mai22-473-23,6-2-0,5-.jpg",23.6,Mai,S1,2
143,"GUU-Draco-Amo9-29Mai23-474-23,8-2-0,5-.jpg",23.8,Mai,S1,2
144,"GUU-Draco-Amo9-29Mai24-475-23,4-2-0,5-.jpg",23.4,Mai,S1,3
145,"GUU-Draco-Amo9-29Mai25-476-23,6-2-0,5-.jpg",23.6,Mai,S1,3
146,"GUU-Draco-Amo9-29Mai26-477-23,2-2-0,5-.jpg",23.2,Mai,S1,3
147,"GUU-Draco-Amo9-29Mai27-478-23,4-2-0,5-.jpg",23.4,Mai,S1,6
148,"GUU-Draco-Amo9-29Mai28-479-23-2-0,5-.jpg",23.0,Mai,S1,3
149,"GUU-Draco-Amo9-29Mai29-480-23,6-2-0,5-.jpg",23.6,Mai,S1,5
150,"GUU-Draco-Amo9-29Mai34-485-24,5-2-0,5-DIR.jpg",24.5,Mai,S1,2
151,"GUU-Draco-Amo9-29Mai42-493-25,9-2-0,5-ESQ.jpg",25.9,Mai,S1,4
152,"GUU-Draco-Amo9-29Mai43-493-25,9-2-0,5-DIR.jpg",25.9,Mai,S1,3
153,"GUU-Draco-Amo9-29Mai44-494-25,8-2-0,5-ESQ.jpg",25.8,Mai,S1,2
154,"GUU-Draco-Amo9-29Mai45-494-25,8-2-0,5-DIR.jpg",25.8,Mai,S1,5
155,"GUU-Draco-Amo9-29Mai48-497-25,2-2-0,5-DIR.jpg",25.2,Mai,S1,3
156,"GUU-Draco-Amo9-29Mai53-502-25-2-0,5-DIR.jpg",25.0,Mai,S1,6
157,"GUU-Draco-Amo9-29Mai59-508-26-2-0,5-DIR.jpg",26.0,Mai,S1,2
158,"GUU-Draco-Amo9-29Mai61-510-27,2-2-0,5-ESQ.jpg",27.2,Mai,S1,3
159,"GUU-Draco-Amo9-29Mai62-510-27,2-2-0,5-DIR.jpg",27.2,Mai,S1,1
160,"GUU-Draco-Amo9-29Mai63-511-27,4-2-0,5-ESQ.jpg",27.4,Mai,S1,5
161,"GUU-Draco-Amo9-29Mai64-511-27,4-2-0,5-DIR.jpg",27.4,Mai,S1,4
162,"GUU-Draco-Amo9-29Mai67-514-28,7-2-0,5-ESQ.jpg",28.7,Mai,S1,2
163,"GUU-Draco-Amo9-29Mai68-514-28,7-2-0,5-DIR.jpg",28.7,Mai,S1,5
164,"GUU-Draco-Amo9-29Mai69-515-29,1-2-0,5-ESQ.jpg",29.1,Mai,S1,4
165,"GUU-Draco-Amo9-29Mai70-515-29,1-2-0,5-DIR.jpg",29.1,Mai,S1,1
166,"GUU-Ferreira Lamosa-Amo8-28Abr08-418-27,5-2-0,5-DIR.jpg",27.5,Abr,S1,4
167,"GUU-Ferreira Lamosa-Amo8-28Abr08-418-27,5-2-0,5-ESQ.jpg",27.5,Abr,S1,2
168,"GUU-Ferreira Lamosa-Amo8-28Abr08-419-28-2-0,5-DIR.jpg",28.0,Abr,S1,8
169,"GUU-Ferreira Lamosa-Amo8-28Abr08-419-28-2-0,5-ESQ.jpg",28.0,Abr,S1,1
170,"GUU-Ferreira Lamosa-Amo8-28Abr08-420-28,8-2-0,5-DIR.jpg",28.8,Abr,S1,2
171,"GUU-Ferreira Lamosa-Amo8-28Abr08-420-28,8-2-0,5-ESQ.jpg",28.8,Abr,S1,4
172,"GUU-Ferreira Lamosa-Amo8-28Abr08-421-28,1-2-0,5-DIR.jpg",28.1,Abr,S1,4
173,"GUU-Ferreira Lamosa-Amo8-28Abr08-421-28,1-2-0,5-ESQ.jpg",28.1,Abr,S1,3
174,"GUU-Ferreira Lamosa-Amo8-28Abr08-422-28,7-2-0,5-DIR.jpg",28.7,Abr,S1,6
175,"GUU-Ferreira Lamosa-Amo8-28Abr08-422-28,7-2-0,5-ESQ.jpg",28.7,Abr,S1,4
176,"GUU-Ferreira Lamosa-Amo8-28Abr08-423-28,7-2-0,5-DIR.jpg",28.7,Abr,S1,5
177,"GUU-Ferreira Lamosa-Amo8-28Abr08-423-28,7-2-0,5-ESQ.jpg",28.7,Abr,S1,3
178,"GUU-Ferreira Lamosa-Amo8-28Abr08-424-28,6-2-0,5-DIR.jpg",28.6,Abr,S1,5
179,"GUU-Ferreira Lamosa-Amo8-28Abr08-424-28,6-2-0,5-ESQ.jpg",28.6,Abr,S1,4
180,"GUU-Ferreira Lamosa-Amo8-28Abr08-425-29,4-2-0,5-DIR.jpg",29.4,Abr,S1,4
181,"GUU-Ferreira Lamosa-Amo8-28Abr08-425-29,4-2-0,5-ESQ.jpg",29.4,Abr,S1,1
182,"GUU-Ferreira Lamosa-Amo8-28Abr08-426-29,6-2-0,5-DIR.jpg",29.6,Abr,S1,3
183,"GUU-Ferreira Lamosa-Amo8-28Abr08-426-29,6-2-0,5-ESQ.jpg",29.6,Abr,S1,4
184,"GUU-Ferreira Lamosa-Amo8-28Abr08-427-29,2-2-0,5-DIR.jpg",29.2,Abr,S1,1
185,"GUU-Ferreira Lamosa-Amo8-28Abr08-427-29,2-2-0,5-ESQ.jpg",29.2,Abr,S1,3
186,"GUU-Ferreira Lamosa-Amo8-28Abr08-428-29,6-2-0,5-DIR.jpg",29.6,Abr,S1,2
187,"GUU-Ferreira Lamosa-Amo8-28Abr08-428-29,6-2-0,5-ESQ.jpg",29.6,Abr,S1,4
188,"GUU-Ferreira Lamosa-Amo8-28Abr08-429-29,3-2-0,5-DIR.jpg",29.3,Abr,S1,3
189,"GUU-Ferreira Lamosa-Amo8-28Abr08-429-29,3-2-0,5-ESQ.jpg",29.3,Abr,S1,2
190,"GUU-Ferreira Lamosa-Amo8-28Abr08-430-29-2-0,5-DIR.jpg",29.0,Abr,S1,3
191,"GUU-Ferreira Lamosa-Amo8-28Abr08-430-29-2-0,5-ESQ.jpg",29.0,Abr,S1,4
192,"GUU-Ferreira Lamosa-Amo8-28Abr08-431-29,7-2-0,5-DIR.jpg",29.7,Abr,S1,6
193,"GUU-Ferreira Lamosa-Amo8-28Abr08-431-29,7-2-0,5-ESQ.jpg",29.7,Abr,S1,2
194,"GUU-Ferreira Lamosa-Amo8-28Abr08-432-30-2-0,5-DIR.jpg",30.0,Abr,S1,4
195,"GUU-Ferreira Lamosa-Amo8-28Abr08-433-30,8-2-0,5-DIR.jpg",30.8,Abr,S1,3
196,"GUU-Ferreira Lamosa-Amo8-28Abr08-433-30,8-2-0,5-ESQ.jpg",30.8,Abr,S1,5
197,"GUU-Ferreira Lamosa-Amo8-28Abr08-434-30,8-2-0,5-DIR.jpg",30.8,Abr,S1,3
198,"GUU-Ferreira Lamosa-Amo8-28Abr08-434-30,8-2-0,5-ESQ.jpg",30.8,Abr,S1,6
199,"GUU-Ferreira Lamosa-Amo8-28Abr08-435-31,5-2-0,5-DIR.jpg",31.5,Abr,S1,3
200,"GUU-Ferreira Lamosa-Amo8-28Abr08-435-31,5-2-0,5-ESQ.jpg",31.5,Abr,S1,4
201,"GUU-Ferreira Lamosa-Amo8-28Abr08-436-31,5-2-0,5-DIR.jpg",31.5,Abr,S1,7
202,"GUU-Ferreira Lamosa-Amo8-28Abr08-436-31,5-2-0,5-ESQ.jpg",31.5,Abr,S1,3
203,"GUU-Ferreira Lamosa-Amo8-28Abr08-437-31,1-2-0,5-DIR.jpg",31.1,Abr,S1,5
204,"GUU-Ferreira Lamosa-Amo8-28Abr08-437-31,1-2-0,5-ESQ.jpg",31.1,Abr,S1,3
205,"GUU-Ferreira Lamosa-Amo8-28Abr08-438-31,3-2-0,5-DIR.jpg",31.3,Abr,S1,3
206,"GUU-Ferreira Lamosa-Amo8-28Abr08-438-31,3-2-0,5-ESQ.jpg",31.3,Abr,S1,6
207,"GUU-Ferreira Lamosa-Amo8-28Abr08-439-31,7-2-0,5-DIR.jpg",31.7,Abr,S1,3
208,"GUU-Ferreira Lamosa-Amo8-28Abr08-439-31,7-2-0,5-ESQ.jpg",31.7,Abr,S1,3
209,"GUU-Ferreira Lamosa-Amo8-28Abr08-440-31,4-2-0,5-DIR.jpg",31.4,Abr,S1,3
210,"GUU-Ferreira Lamosa-Amo8-28Abr08-440-31,4-2-0,5-ESQ.jpg",31.4,Abr,S1,4
211,"GUU-Ferreira Lamosa-Amo8-28Abr08-441-31,5-2-0,5-DIR.jpg",31.5,Abr,S1,2
212,"GUU-Ferreira Lamosa-Amo8-28Abr08-441-31,5-2-0,5-ESQ.jpg",31.5,Abr,S1,2
213,"GUU-Ferreira Lamosa-Amo8-28Abr08-442-31,4-2-0,5-DIR.jpg",31.4,Abr,S1,4
214,"GUU-Ferreira Lamosa-Amo8-28Abr08-442-31,4-2-0,5-ESQ.jpg",31.4,Abr,S1,3
215,"GUU-Ferreira Lamosa-Amo8-28Abr08-443-31,4-2-0,5-DIR.jpg",31.4,Abr,S1,3
216,"GUU-Ferreira Lamosa-Amo8-28Abr08-443-31,4-2-0,5-ESQ.jpg",31.4,Abr,S1,2
217,"GUU-Ferreira Lamosa-Amo8-28Abr08-444-31,9-2-0,5-DIR.jpg",31.9,Abr,S1,4
218,"GUU-Ferreira Lamosa-Amo8-28Abr08-444-31,9-2-0,5-ESQ.jpg",31.9,Abr,S1,6
219,"GUU-Ferreira Lamosa-Amo8-28Abr08-445-32,4-2-0,5-DIR.jpg",32.4,Abr,S1,3
220,"GUU-Ferreira Lamosa-Amo8-28Abr08-445-32,4-2-0,5-ESQ.jpg",32.4,Abr,S1,4
221,"GUU-Ferreira Lamosa-Amo8-28Abr08-446-32,7-2-0,5-DIR.jpg",32.7,Abr,S1,5
222,"GUU-Ferreira Lamosa-Amo8-28Abr08-446-32,7-2-0,5-ESQ.jpg",32.7,Abr,S1,3
223,"GUU-Ferreira Lamosa-Amo8-28Abr08-447-33,9-2-0,5-ESQ.jpg",33.9,Abr,S1,3
224,"GUU-Ferreira Lamosa-Amo8-28Abr08-448-33,1-2-0,5-DIR.jpg",33.1,Abr,S1,6
225,"GUU-Ferreira Lamosa-Amo8-28Abr08-448-33,1-2-0,5-ESQ.jpg",33.1,Abr,S1,3
226,"GUU-Ferreira Lamosa-Amo8-28Abr08-449-33,4-2-0,5-DIR.jpg",33.4,Abr,S1,3
227,"GUU-Ferreira Lamosa-Amo8-28Abr08-449-33,4-2-0,5-ESQ.jpg",33.4,Abr,S1,3
228,"GUU-Ferreira Lamosa-Amo8-28Abr08-450-34,4-2-0,5-DIR.jpg",34.4,Abr,S1,2
229,"GUU-Ferreira Lamosa-Amo8-28Abr08-450-34,4-2-0,5-ESQ.jpg",34.4,Abr,S1,6
230,"GUU-Ferreira Lamosa-Amo8-28Abr08-451-34,7-2-0,5-DIR.jpg",34.7,Abr,S1,1
231,"GUU-Ferreira Lamosa-Amo8-28Abr08-451-34,7-2-0,5-ESQ.jpg",34.7,Abr,S1,4
232,"GUU-Ferreira Lamosa-Amo8-28Abr08-452-35,1-2-0,5-DIR.jpg",35.1,Abr,S1,3
233,"GUU-Ferreira Lamosa-Amo8-28Abr08-452-35,1-2-0,5-ESQ.jpg",35.1,Abr,S1,5
234,"GUU-Ferreira Lamosa-Amo8-28Abr08-453-35,2-2-0,5-DIR.jpg",35.2,Abr,S1,3
235,"GUU-Ferreira Lamosa-Amo8-28Abr08-453-35,2-2-0,5-ESQ.jpg",35.2,Abr,S1,5
236,"GUU-Ferreira Lamosa-Amo8-28Abr08-454-35,5-2-0,5-DIR.jpg",35.5,Abr,S1,3
237,"GUU-Ferreira Lamosa-Amo8-28Abr08-454-35,5-2-0,5-ESQ.jpg",35.5,Abr,S1,3
238,"GUU-Ferreira Lamosa-Amo8-28Abr08-455-36-2-0,5-DIR.jpg",36.0,Abr,S1,4
239,"GUU-Ferreira Lamosa-Amo8-28Abr08-455-36-2-0,5-ESQ.jpg",36.0,Abr,S1,2
240,"GUU-Ferreira Lamosa-Amo8-28Abr08-456-36-2-0,5-DIR.jpg",36.0,Abr,S1,3
241,"GUU-Ferreira Lamosa-Amo8-28Abr08-456-36-2-0,5-ESQ.jpg",36.0,Abr,S1,4
242,"GUU-Ferreira Lamosa-Amo8-28Abr08-457-36,7-2-0,5-DIR.jpg",36.7,Abr,S1,2
243,"GUU-Ferreira Lamosa-Amo8-28Abr08-457-36,7-2-0,5-ESQ.jpg",36.7,Abr,S1,5
244,"GUU-Ferreira Lamosa-Amo8-28Abr08-458-37,7-2-0,5-DIR.jpg",37.7,Abr,S1,5
245,"GUU-Ferreira Lamosa-Amo8-28Abr08-458-37,7-2-0,5-ESQ.jpg",37.7,Abr,S1,5
246,"GUU-Juvenilia-Amo5-10Fev08-242-18,7-2,5-0,5-DIR.jpg",18.7,Fev,S1,7
247,"GUU-Juvenilia-Amo5-10Fev08-242-18,7-2,5-0,5-ESQ.jpg",18.7,Fev,S1,1
248,"GUU-Juvenilia-Amo5-10Fev08-243-18,5-2,5-0,5-DIR.jpg",18.5,Fev,S1,3
249,"GUU-Juvenilia-Amo5-10Fev08-243-18,5-2,5-0,5-ESQ.jpg",18.5,Fev,S1,5
250,"GUU-Juvenilia-Amo5-10Fev08-244-19-2,5-0,5-ESQ.jpg",19.0,Fev,S1,5
251,"GUU-Juvenilia-Amo5-10Fev08-245-19,8-2,5-0,5-ESQ.jpg",19.8,Fev,S1,3
252,"GUU-Juvenilia-Amo5-10Fev08-246-19,8-2,5-0,5-DIR.jpg",19.8,Fev,S1,4
253,"GUU-Juvenilia-Amo5-10Fev08-246-19,8-2,5-0,5-ESQ.jpg",19.8,Fev,S1,5
254,"GUU-Juvenilia-Amo5-10Fev08-247-19,7-2,5-0,5-DIR.jpg",19.7,Fev,S1,2
255,"GUU-Juvenilia-Amo5-10Fev08-248-19,9-2,5-0,5-DIR.jpg",19.9,Fev,S1,5
256,"GUU-Juvenilia-Amo5-10Fev08-249-19,5-2,5-0,5-DIR.jpg",19.5,Fev,S1,2
257,"GUU-Juvenilia-Amo5-10Fev08-249-19,5-2,5-0,5-ESQ.jpg",19.5,Fev,S1,7
258,"GUU-Juvenilia-Amo5-10Fev08-250-19,3-2,5-0,5-DIR.jpg",19.3,Fev,S1,4
259,"GUU-Juvenilia-Amo5-10Fev08-250-19,3-2,5-0,5-ESQ.jpg",19.3,Fev,S1,2
260,"GUU-Juvenilia-Amo5-10Fev08-251-19,2-2,5-0,5-DIR.jpg",19.2,Fev,S1,7
261,"GUU-Juvenilia-Amo5-10Fev08-251-19,2-2,5-0,5-ESQ.jpg",19.2,Fev,S1,6
262,"GUU-Juvenilia-Amo5-10Fev08-252-19,9-2,5-0,5-ESQ.jpg",19.9,Fev,S1,3
263,"GUU-Juvenilia-Amo5-10Fev08-253-19,4-2,5-0,5-DIR.jpg",19.4,Fev,S1,5
264,"GUU-Juvenilia-Amo5-10Fev08-253-19,4-2,5-0,5-ESQ.jpg",19.4,Fev,S1,4
265,"GUU-Juvenilia-Amo5-10Fev08-254-20,9-2,5-0,5-DIR.jpg",20.9,Fev,S1,3
266,"GUU-Juvenilia-Amo5-10Fev08-254-20,9-2,5-0,5-ESQ.jpg",20.9,Fev,S1,3
267,"GUU-Juvenilia-Amo5-10Fev08-255-20,7-2,5-0,5-DIR.jpg",20.7,Fev,S1,4
268,"GUU-Juvenilia-Amo5-10Fev08-255-20,7-2,5-0,5-ESQ.jpg",20.7,Fev,S1,4
269,"GUU-Juvenilia-Amo5-10Fev08-256-20,9-2,5-0,5-DIR.jpg",20.9,Fev,S1,4
270,"GUU-Juvenilia-Amo5-10Fev08-256-20,9-2,5-0,5-ESQ.jpg",20.9,Fev,S1,2
271,"GUU-Juvenilia-Amo5-10Fev08-257-20,2-2,5-0,5-DIR.jpg",20.2,Fev,S1,4
272,"GUU-Juvenilia-Amo5-10Fev08-257-20,2-2,5-0,5-ESQ.jpg",20.2,Fev,S1,3
273,"GUU-Juvenilia-Amo5-10Fev08-258-20,9-2,5-0,5-DIR.jpg",20.9,Fev,S1,6
274,"GUU-Juvenilia-Amo5-10Fev08-258-20,9-2,5-0,5-ESQ.jpg",20.9,Fev,S1,4
275,"GUU-Juvenilia-Amo5-10Fev08-259-20,7-2,5-0,5-DIR.jpg",20.7,Fev,S1,3
276,"GUU-Juvenilia-Amo5-10Fev08-259-20,7-2,5-0,5-ESQ.jpg",20.7,Fev,S1,4
277,"GUU-Juvenilia-Amo5-10Fev08-260-20-2,5-0,5-DIR.jpg",20.0,Fev,S1,5
278,"GUU-Juvenilia-Amo5-10Fev08-260-20-2,5-0,5-ESQ.jpg",20.0,Fev,S1,3
279,"GUU-Juvenilia-Amo5-10Fev08-261-20,9-2,5-0,5-DIR.jpg",20.9,Fev,S1,7
280,"GUU-Juvenilia-Amo5-10Fev08-262-20,1-2,5-0,5-DIR.jpg",20.1,Fev,S1,3
281,"GUU-Juvenilia-Amo5-10Fev08-262-20,1-2,5-0,5-ESQ.jpg",20.1,Fev,S1,4
282,"GUU-Juvenilia-Amo5-10Fev08-263-20,1-2,5-0,5-DIR.jpg",20.1,Fev,S1,5
283,"GUU-Juvenilia-Amo5-10Fev08-263-20,1-2,5-0,5-ESQ.jpg",20.1,Fev,S1,3
284,"GUU-Juvenilia-Amo5-10Fev08-264-21,8-2,5-0,5-DIR.jpg",21.8,Fev,S1,9
285,"GUU-Juvenilia-Amo5-10Fev08-264-21,8-2,5-0,5-ESQ.jpg",21.8,Fev,S1,3
286,"GUU-Juvenilia-Amo5-10Fev08-265-21,9-2,5-0,5-DIR.jpg",21.9,Fev,S1,4
287,"GUU-Juvenilia-Amo5-10Fev08-265-21,9-2,5-0,5-ESQ.jpg",21.9,Fev,S1,4
288,"GUU-Juvenilia-Amo5-10Fev08-266-21,6-2,5-0,5-DIR.jpg",21.6,Fev,S1,5
289,"GUU-Juvenilia-Amo5-10Fev08-266-21,6-2,5-0,5-ESQ.jpg",21.6,Fev,S1,4
290,"GUU-Juvenilia-Amo5-10Fev08-267-21,7-2,5-0,5-DIR.jpg",21.7,Fev,S1,3
291,"GUU-Juvenilia-Amo5-10Fev08-267-21,7-2,5-0,5-ESQ.jpg",21.7,Fev,S1,3
292,"GUU-Juvenilia-Amo5-10Fev08-268-21,7-2,5-0,5-DIR.jpg",21.7,Fev,S1,3
293,"GUU-Juvenilia-Amo5-10Fev08-268-21,7-2,5-0,5-ESQ.jpg",21.7,Fev,S1,4
294,"GUU-Juvenilia-Amo5-10Fev08-269-21,3-2,5-0,5-.jpg",21.3,Fev,S1,2
295,"GUU-Juvenilia-Amo5-10Fev08-270-21,8-2,5-0,5-DIR.jpg",21.8,Fev,S1,3
296,"GUU-Juvenilia-Amo5-10Fev08-270-21,8-2,5-0,5-ESQ.jpg",21.8,Fev,S1,2
297,"GUU-Juvenilia-Amo5-10Fev08-271-21,9-2,5-0,5-DIR.jpg",21.9,Fev,S1,6
298,"GUU-Juvenilia-Amo5-10Fev08-272-21,9-2,5-0,5-DIR.jpg",21.9,Fev,S1,6
299,"GUU-Juvenilia-Amo5-10Fev08-272-21,9-2,5-0,5-ESQ.jpg",21.9,Fev,S1,3
300,"GUU-Juvenilia-Amo5-10Fev08-273-21,8-2,5-0,5-DIR.jpg",21.8,Fev,S1,5
301,"GUU-Juvenilia-Amo5-10Fev08-274-22,7-2,5-0,5-DIR.jpg",22.7,Fev,S1,7
302,"GUU-Juvenilia-Amo5-10Fev08-274-22,7-2,5-0,5-ESQ.jpg",22.7,Fev,S1,3
303,"GUU-Juvenilia-Amo5-10Fev08-275-22,9-2,5-0,5-DIR.jpg",22.9,Fev,S1,6
304,"GUU-Juvenilia-Amo5-10Fev08-275-22,9-2,5-0,5-ESQ.jpg",22.9,Fev,S1,4
305,"GUU-Juvenilia-Amo5-10Fev08-276-22,1-2,5-0,5-DIR.jpg",22.1,Fev,S1,3
306,"GUU-Juvenilia-Amo5-10Fev08-276-22,1-2,5-0,5-ESQ.jpg",22.1,Fev,S1,2
307,"GUU-Juvenilia-Amo5-10Fev08-277-22,8-2,5-0,5-DIR.jpg",22.8,Fev,S1,6
308,"GUU-Juvenilia-Amo5-10Fev08-277-22,8-2,5-0,5-ESQ.jpg",22.8,Fev,S1,3
309,"GUU-Juvenilia-Amo5-10Fev08-278-22,9-2,5-0,5-DIR.jpg",22.9,Fev,S1,3
310,"GUU-Juvenilia-Amo5-10Fev08-278-22,9-2,5-0,5-ESQ.jpg",22.9,Fev,S1,3
311,"GUU-Juvenilia-Amo5-10Fev08-279-22,2-2,5-0,5-DIR.jpg",22.2,Fev,S1,5
312,"GUU-Juvenilia-Amo5-10Fev08-279-22,2-2,5-0,5-ESQ.jpg",22.2,Fev,S1,4
313,"GUU-Juvenilia-Amo5-10Fev08-280-22,3-2,5-0,5-DIR.jpg",22.3,Fev,S1,5
314,"GUU-Juvenilia-Amo5-10Fev08-280-22,3-2,5-0,5-ESQ.jpg",22.3,Fev,S1,2
315,"GUU-Juvenilia-Amo5-10Fev08-281-22,2-2,5-0,5-DIR.jpg",22.2,Fev,S1,2
316,"GUU-Juvenilia-Amo5-10Fev08-281-22,2-2,5-0,5-ESQ.jpg",22.2,Fev,S1,3
317,"GUU-Juvenilia-Amo5-10Fev08-282-22,3-2,5-0,5-DIR.jpg",22.3,Fev,S1,5
318,"GUU-Juvenilia-Amo5-10Fev08-282-22,3-2,5-0,5-ESQ.jpg",22.3,Fev,S1,2
319,"GUU-Juvenilia-Amo5-10Fev08-283-22,7-2,5-0,5-DIR.jpg",22.7,Fev,S1,6
320,"GUU-Juvenilia-Amo5-10Fev08-283-22,7-2,5-0,5-ESQ.jpg",22.7,Fev,S1,3
321,"GUU-Juvenilia-Amo5-10Fev08-284-23,3-2,5-0,5-DIR.jpg",23.3,Fev,S1,2
322,"GUU-Juvenilia-Amo5-10Fev08-284-23,3-2,5-0,5-ESQ.jpg",23.3,Fev,S1,2
323,"GUU-Juvenilia-Amo5-10Fev08-285-23,5-2,5-0,5-DIR.jpg",23.5,Fev,S1,6
324,"GUU-Juvenilia-Amo5-10Fev08-285-23,5-2,5-0,5-ESQ.jpg",23.5,Fev,S1,7
325,"GUU-Juvenilia-Amo5-10Fev08-286-23-2,5-0,5-DIR.jpg",23.0,Fev,S1,4
326,"GUU-Juvenilia-Amo5-10Fev08-286-23-2,5-0,5-ESQ.jpg",23.0,Fev,S1,4
327,"GUU-Juvenilia-Amo5-10Fev08-287-23,1-2-0,5-DIR.jpg",23.1,Fev,S1,4
328,"GUU-Juvenilia-Amo5-10Fev08-287-23,1-2-0,5-ESQ.jpg",23.1,Fev,S1,2
329,"GUU-Juvenilia-Amo5-10Fev08-288-23,4-2,5-0,5-DIR.jpg",23.4,Fev,S1,4
330,"GUU-Juvenilia-Amo5-10Fev08-288-23,4-2,5-0,5-ESQ.jpg",23.4,Fev,S1,3
331,"GUU-Juvenilia-Amo5-10Fev08-289-23,3-2,5-0,5-DIR.jpg",23.3,Fev,S1,2
332,"GUU-Juvenilia-Amo5-10Fev08-289-23,3-2,5-0,5-ESQ.jpg",23.3,Fev,S1,4
333,"GUU-Juvenilia-Amo5-10Fev08-290-23,1-2,5-0,5-DIR.jpg",23.1,Fev,S1,4
334,"GUU-Juvenilia-Amo5-10Fev08-290-23,1-2,5-0,5-ESQ.jpg",23.1,Fev,S1,3
335,"GUU-Juvenilia-Amo5-10Fev08-291-23,9-2,5-0,5-DIR.jpg",23.9,Fev,S1,2
336,"GUU-Juvenilia-Amo5-10Fev08-291-23,9-2,5-0,5-ESQ.jpg",23.9,Fev,S1,5
337,"GUU-Juvenilia-Amo5-10Fev08-292-23,8-2,5-0,5-DIR.jpg",23.8,Fev,S1,2
338,"GUU-Juvenilia-Amo5-10Fev08-292-23,8-2,5-0,5-ESQ.jpg",23.8,Fev,S1,4
339,"GUU-Juvenilia-Amo5-10Fev08-293-23,8-2,5-0,5-DIR.jpg",23.8,Fev,S1,4
340,"GUU-Juvenilia-Amo5-10Fev08-293-23,8-2,5-0,5-ESQ.jpg",23.8,Fev,S1,3
341,"GUU-Juvenilia-Amo5-10Fev08-294-24,2-2,5-0,5-DIR.jpg",24.2,Fev,S1,2
342,"GUU-Juvenilia-Amo5-10Fev08-294-24,2-2,5-0,5-ESQ.jpg",24.2,Fev,S1,2
343,"GUU-Juvenilia-Amo5-10Fev08-295-24,7-2,5-0,5-DIR.jpg",24.7,Fev,S1,1
344,"GUU-Juvenilia-Amo5-10Fev08-295-24,7-2,5-0,5-ESQ.jpg",24.7,Fev,S1,4
345,"GUU-Juvenilia-Amo5-10Fev08-296-24-2,5-0,5-DIR.jpg",24.0,Fev,S1,5
346,"GUU-Juvenilia-Amo5-10Fev08-296-24-2,5-0,5-ESQ.jpg",24.0,Fev,S1,4
347,"GUU-Juvenilia-Amo5-10Fev08-297-24,8-2,5-0,5-DIR.jpg",24.8,Fev,S1,4
348,"GUU-Juvenilia-Amo5-10Fev08-297-24,8-2,5-0,5-ESQ.jpg",24.8,Fev,S1,3
349,"GUU-Juvenilia-Amo5-10Fev08-298-24,1-2,5-0,5-DIR.jpg",24.1,Fev,S1,4
350,"GUU-Juvenilia-Amo5-10Fev08-298-24,1-2,5-0,5-ESQ.jpg",24.1,Fev,S1,4
351,"GUU-Juvenilia-Amo5-10Fev08-299-24,2-2,5-0,5-DIR.jpg",24.2,Fev,S1,4
352,"GUU-Juvenilia-Amo5-10Fev08-299-24,2-2,5-0,5-ESQ.jpg",24.2,Fev,S1,4
353,"GUU-Juvenilia-Amo5-10Fev08-300-24,4-2,5-0,5-DIR.jpg",24.4,Fev,S1,4
354,"GUU-Juvenilia-Amo5-10Fev08-300-24,4-2,5-0,5-ESQ.jpg",24.4,Fev,S1,1
355,"GUU-Juvenilia-Amo5-10Fev08-301-25-2,5-0,5-DIR.jpg",25.0,Fev,S1,2
356,"GUU-Juvenilia-Amo5-10Fev08-301-25-2,5-0,5-ESQ.jpg",25.0,Fev,S1,7
357,"GUU-Juvenilia-Amo5-10Fev08-302-25,4-2,5-0,5-DIR.jpg",25.4,Fev,S1,5
358,"GUU-Juvenilia-Amo5-10Fev08-302-25,4-2,5-0,5-ESQ.jpg",25.4,Fev,S1,4
359,"GUU-Juvenilia-Amo5-10Fev08-303-27,2-2,5-0,5-DIR.jpg",27.2,Fev,S1,3
360,"GUU-Juvenilia-Amo5-10Fev08-303-27,2-2,5-0,5-ESQ.jpg",27.2,Fev,S1,6
361,"GUU-Juvenilia-Amo6-26Mar08-304-19,3-2,5-0,5-DIR.jpg",19.3,Mar,S1,4
362,"GUU-Juvenilia-Amo6-26Mar08-304-19,3-2,5-0,5-ESQ.jpg",19.3,Mar,S1,6
363,"GUU-Juvenilia-Amo6-26Mar08-305-19,7-2,5-0,5-DIR.jpg",19.7,Mar,S1,5
364,"GUU-Juvenilia-Amo6-26Mar08-305-19,7-2,5-0,5-ESQ.jpg",19.7,Mar,S1,2
365,"GUU-Juvenilia-Amo6-26Mar08-306-19,8-2,5-0,5-DIR.jpg",19.8,Mar,S1,3
366,"GUU-Juvenilia-Amo6-26Mar08-306-19,8-2,5-0,5-ESQ.jpg",19.8,Mar,S1,3
367,"GUU-Juvenilia-Amo6-26Mar08-307-19-2,5-0,5-DIR.jpg",19.0,Mar,S1,3
368,"GUU-Juvenilia-Amo6-26Mar08-307-19-2,5-0,5-ESQ.jpg",19.0,Mar,S1,2
369,"GUU-Juvenilia-Amo6-26Mar08-308-19,7-2,5-0,5-DIR.jpg",19.7,Mar,S1,5
370,"GUU-Juvenilia-Amo6-26Mar08-308-19,7-2,5-0,5-ESQ.jpg",19.7,Mar,S1,3
371,"GUU-Juvenilia-Amo6-26Mar08-309-19,6-2,5-0,5-DIR.jpg",19.6,Mar,S1,4
372,"GUU-Juvenilia-Amo6-26Mar08-309-19,6-2,5-0,5-ESQ.jpg",19.6,Mar,S1,4
373,"GUU-Juvenilia-Amo6-26Mar08-310-19-2,5-0,5-DIR.jpg",19.0,Mar,S1,2
374,"GUU-Juvenilia-Amo6-26Mar08-310-19-2,5-0,5-ESQ.jpg",19.0,Mar,S1,4
375,"GUU-Juvenilia-Amo6-26Mar08-311-19,6-2,5-0,5-DIR.jpg",19.6,Mar,S1,3
376,"GUU-Juvenilia-Amo6-26Mar08-311-19,6-2,5-0,5-ESQ.jpg",19.6,Mar,S1,4
377,"GUU-Juvenilia-Amo6-26Mar08-312-19,2-2,5-0,5-DIR.jpg",19.2,Mar,S1,4
378,"GUU-Juvenilia-Amo6-26Mar08-312-19,2-2,5-0,5-ESQ.jpg",19.2,Mar,S1,2
379,"GUU-Juvenilia-Amo6-26Mar08-313-19-2,5-0,5-DIR.jpg",19.0,Mar,S1,3
380,"GUU-Juvenilia-Amo6-26Mar08-313-19-2,5-0,5-ESQ.jpg",19.0,Mar,S1,4
381,"GUU-Juvenilia-Amo6-26Mar08-314-20,9-2,5-0,5-DIR.jpg",20.9,Mar,S1,4
382,"GUU-Juvenilia-Amo6-26Mar08-314-20,9-2,5-0,5-ESQ.jpg",20.9,Mar,S1,4
383,"GUU-Juvenilia-Amo6-26Mar08-315-20,7-2,5-0,5-DIR.jpg",20.7,Mar,S1,2
384,"GUU-Juvenilia-Amo6-26Mar08-315-20,7-2,5-0,5.jpg",20.7,Mar,S1,3
385,"GUU-Juvenilia-Amo6-26Mar08-316-20,7-2,5-0,5-ESQ.jpg",20.7,Mar,S1,6
386,"GUU-Juvenilia-Amo6-26Mar08-316-20,7-2,5-0,5.jpg",20.7,Mar,S1,3
387,"GUU-Juvenilia-Amo6-26Mar08-317-20,3-2,5-0,5-DIR.jpg",20.3,Mar,S1,4
388,"GUU-Juvenilia-Amo6-26Mar08-317-20,3-2,5-0,5-ESQ.jpg",20.3,Mar,S1,4
389,"GUU-Juvenilia-Amo6-26Mar08-318-20,9-2,5-0,5-DIR.jpg",20.9,Mar,S1,5
390,"GUU-Juvenilia-Amo6-26Mar08-318-20,9-2,5-0,5-ESQ.jpg",20.9,Mar,S1,2
391,"GUU-Juvenilia-Amo6-26Mar08-319-20,7-2,5-0,5-DIR.jpg",20.7,Mar,S1,2
392,"GUU-Juvenilia-Amo6-26Mar08-319-20,7-2,5-0,5-ESQ.jpg",20.7,Mar,S1,5
393,"GUU-Juvenilia-Amo6-26Mar08-320-20,3-2,5-0,5-DIR.jpg",20.3,Mar,S1,3
394,"GUU-Juvenilia-Amo6-26Mar08-320-20,3-2,5-0,5.jpg",20.3,Mar,S1,1
395,"GUU-Juvenilia-Amo6-26Mar08-321-20,2-2,5-0,5-ESQ.jpg",20.2,Mar,S1,3
396,"GUU-Juvenilia-Amo6-26Mar08-321-20,2-2,5-0,5.jpg",20.2,Mar,S1,4
397,"GUU-Juvenilia-Amo6-26Mar08-322-20,4-2,5-0,5-DIR.jpg",20.4,Mar,S1,3
398,"GUU-Juvenilia-Amo6-26Mar08-324-21,2-2,5-0,5-ESQ.jpg",21.2,Mar,S1,2
399,"GUU-Juvenilia-Amo6-26Mar08-326-21-2,5-0,5-DIR.jpg",21.0,Mar,S1,3
400,"GUU-Juvenilia-Amo6-26Mar08-326-21-2,5-0,5.jpg",21.0,Mar,S1,4
401,"GUU-Juvenilia-Amo6-26Mar08-327-21,4-2,5-0,5-ESQ.jpg",21.4,Mar,S1,3
402,"GUU-Juvenilia-Amo6-26Mar08-327-21,4-2,5-0,5.jpg",21.4,Mar,S1,5
403,"GUU-Juvenilia-Amo6-26Mar08-328-21,2-2,5-0,5-DIR.jpg",21.2,Mar,S1,3
404,"GUU-Juvenilia-Amo6-26Mar08-328-21,2-2,5-0,5-ESQ.jpg",21.2,Mar,S1,2
405,"GUU-Juvenilia-Amo6-26Mar08-329-21,5-2,5-0,5-DIR.jpg",21.5,Mar,S1,1
406,"GUU-Juvenilia-Amo6-26Mar08-329-21,5-2,5-0,5-ESQ.jpg",21.5,Mar,S1,3
407,"GUU-Juvenilia-Amo6-26Mar08-330-21-2,5-0,5-DIR.jpg",21.0,Mar,S1,3
408,"GUU-Juvenilia-Amo6-26Mar08-330-21-2,5-0,5-ESQ.jpg",21.0,Mar,S1,4
409,"GUU-Juvenilia-Amo6-26Mar08-331-21,6-2,5-0,5-DIR.jpg",21.6,Mar,S1,3
410,"GUU-Juvenilia-Amo6-26Mar08-331-21,6-2,5-0,5.jpg",21.6,Mar,S1,4
411,"GUU-Juvenilia-Amo6-26Mar08-332-21-2,5-0,5-ESQ.jpg",21.0,Mar,S1,2
412,"GUU-Juvenilia-Amo6-26Mar08-332-21-2,5-0,5.jpg",21.0,Mar,S1,1
413,"GUU-Juvenilia-Amo6-26Mar08-333-21,4-2,5-0,5-DIR.jpg",21.4,Mar,S1,3
414,"GUU-Juvenilia-Amo6-26Mar08-333-21,4-2,5-0,5-ESQ.jpg",21.4,Mar,S1,5
415,"GUU-Juvenilia-Amo6-26Mar08-334-22,5-2,5-0,5-DIR.jpg",22.5,Mar,S1,2
416,"GUU-Juvenilia-Amo6-26Mar08-334-22,5-2,5-0,5-ESQ.jpg",22.5,Mar,S1,4
417,"GUU-Juvenilia-Amo6-26Mar08-335-22,4-2,5-0,5-DIR.jpg",22.4,Mar,S1,4
418,"GUU-Juvenilia-Amo6-26Mar08-335-22,4-2,5-0,5-ESQ.jpg",22.4,Mar,S1,5
419,"GUU-Juvenilia-Amo6-26Mar08-336-22,7-2,5-0,5-DIR.jpg",22.7,Mar,S1,3
420,"GUU-Juvenilia-Amo6-26Mar08-336-22,7-2,5-0,5.jpg",22.7,Mar,S1,5
421,"GUU-Juvenilia-Amo6-26Mar08-337-22,2-2,5-0,5-ESQ.jpg",22.2,Mar,S1,5
422,"GUU-Juvenilia-Amo6-26Mar08-337-22,2-2,5-0,5.jpg",22.2,Mar,S1,5
423,"GUU-Juvenilia-Amo6-26Mar08-338-22,6-2,5-0,5-DIR.jpg",22.6,Mar,S1,3
424,"GUU-Juvenilia-Amo6-26Mar08-338-22,6-2,5-0,5-ESQ.jpg",22.6,Mar,S1,4
425,"GUU-Juvenilia-Amo6-26Mar08-339-22,7-2,5-0,5-ESQ.jpg",22.7,Mar,S1,2
426,"GUU-Juvenilia-Amo6-26Mar08-340-22,5-2,5-0,5-DIR.jpg",22.5,Mar,S1,3
427,"GUU-Juvenilia-Amo6-26Mar08-340-22,5-2,5-0,5-ESQ.jpg",22.5,Mar,S1,7
428,"GUU-Juvenilia-Amo6-26Mar08-341-22,8-2,5-0,5-ESQ.jpg",22.8,Mar,S1,3
429,"GUU-Juvenilia-Amo6-26Mar08-341-22,8-2,5-0,5.jpg",22.8,Mar,S1,3
430,"GUU-Juvenilia-Amo6-26Mar08-342-22,4-2,5-0,5-DIR.jpg",22.4,Mar,S1,4
431,"GUU-Juvenilia-Amo6-26Mar08-342-22,4-2,5-0,5-ESQ.jpg",22.4,Mar,S1,4
432,"GUU-Juvenilia-Amo6-26Mar08-343-22-2,5-0,5-DIR.jpg",22.0,Mar,S1,6
433,"GUU-Juvenilia-Amo6-26Mar08-343-22-2,5-0,5.jpg",22.0,Mar,S1,5
434,"GUU-Juvenilia-Amo6-26Mar08-345-22-2,5-0,5-ESQ.jpg",22.0,Mar,S1,3
435,"GUU-Juvenilia-Amo6-26Mar08-345-23,9-2,5-0,5-DIR.jpg",23.9,Mar,S1,4
436,"GUU-Juvenilia-Amo6-26Mar08-346-23,7-2,5-0,5-DIR.jpg",23.7,Mar,S1,2
437,"GUU-Juvenilia-Amo6-26Mar08-346-23,7-2,5-0,5-ESQ.jpg",23.7,Mar,S1,4
438,"GUU-Juvenilia-Amo6-26Mar08-347-23,6-2,5-0,5-DIR.jpg",23.6,Mar,S1,5
439,"GUU-Juvenilia-Amo6-26Mar08-347-23,6-2,5-0,5-ESQ.jpg",23.6,Mar,S1,3
440,"GUU-Juvenilia-Amo6-26Mar08-348-23,2-2,5-0,5-DIR.jpg",23.2,Mar,S1,4
441,"GUU-Juvenilia-Amo6-26Mar08-348-23,2-2,5-0,5-ESQ.jpg",23.2,Mar,S1,3
442,"GUU-Juvenilia-Amo6-26Mar08-349-23,2-2,5-0,5-ESQ.jpg",23.2,Mar,S1,4
443,"GUU-Juvenilia-Amo6-26Mar08-349-23,5-2,5-0,5-DIR.jpg",23.5,Mar,S1,4
444,"GUU-Juvenilia-Amo6-26Mar08-351-23,6-2,5-0,5-DIR.jpg",23.6,Mar,S1,6
445,"GUU-Juvenilia-Amo6-26Mar08-351-23,6-2,5-0,5-ESQ.jpg",23.6,Mar,S1,2
446,"GUU-Juvenilia-Amo6-26Mar08-352-24,5-2,5-0,5-DIR.jpg",24.5,Mar,S1,4
447,"GUU-Juvenilia-Amo6-26Mar08-352-24,5-2,5-0,5-ESQ.jpg",24.5,Mar,S1,4
448,"GUU-Juvenilia-Amo6-26Mar08-353-24,7-2,5-0,5-DIR.jpg",24.7,Mar,S1,2
449,"GUU-Juvenilia-Amo6-26Mar08-353-24,7-2,5-0,5-ESQ.jpg",24.7,Mar,S1,5
450,"GUU-Juvenilia-Amo6-26Mar08-354-24-2,5-0,5-DIR.jpg",24.0,Mar,S1,6
451,"GUU-Juvenilia-Amo6-26Mar08-354-24-2,5-0,5-ESQ.jpg",24.0,Mar,S1,4
452,"GUU-Juvenilia-Amo6-26Mar08-355-25,7-2,5-0,5-DIR.jpg",25.7,Mar,S1,5
453,"GUU-Juvenilia-Amo6-26Mar08-355-25,7-2,5-0,5-ESQ.jpg",25.7,Mar,S1,3
454,"GUU-Juvenilia-Amo6-26Mar08-356-25,6-2,5-0,5-DIR.jpg",25.6,Mar,S1,4
455,"GUU-Juvenilia-Amo6-26Mar08-356-25,6-2,5-0,5-ESQ.jpg",25.6,Mar,S1,2
456,"GUU-Juvenilia-Amo6-26Mar08-357-25,3-2,5-0,5-DIR.jpg",25.3,Mar,S1,4
457,"GUU-Juvenilia-Amo6-26Mar08-357-25,3-2,5-0,5-ESQ.jpg",25.3,Mar,S1,3
458,"GUU-Juvenilia-Amo6-26Mar08-358-25,3-2,5-0,5-DIR.jpg",25.3,Mar,S1,6
459,"GUU-Juvenilia-Amo6-26Mar08-358-25,3-2,5-0,5-ESQ.jpg",25.3,Mar,S1,3
460,"GUU-Juvenilia-Amo6-26Mar08-359-25,1-2,5-0,5-DIR.jpg",25.1,Mar,S1,4
461,"GUU-Juvenilia-Amo6-26Mar08-360-26,9-2,5-0,5-DIR.jpg",26.9,Mar,S1,5
462,"GUU-Juvenilia-Amo6-26Mar08-360-26,9-2,5-0,5-ESQ.jpg",26.9,Mar,S1,4
463,"GUU-Juvenilia-Amo6-26Mar08-361-27-2,5-0,5-DIR.jpg",27.0,Mar,S1,4
464,"GUU-Juvenilia-Amo6-26Mar08-361-27-2,5-0,5-ESQ.jpg",27.0,Mar,S1,4
465,"GUU-Juvenilia-Amo7-07Abr08-362-19,8-2,5-0,5-DIR.jpg",19.8,Abr,S1,3
466,"GUU-Juvenilia-Amo7-07Abr08-362-19,8-2,5-0,5-ESQ.jpg",19.8,Abr,S1,4
467,"GUU-Juvenilia-Amo7-07Abr08-363-19-2,5-0,5-DIR.jpg",19.0,Abr,S1,4
468,"GUU-Juvenilia-Amo7-07Abr08-363-19-2,5-0,5-ESQ.jpg",19.0,Abr,S1,2
469,"GUU-Juvenilia-Amo7-07Abr08-364-20,9-2,5-0,5-DIR.jpg",20.9,Abr,S1,5
470,"GUU-Juvenilia-Amo7-07Abr08-364-20,9-2,5-0,5-ESQ.jpg",20.9,Abr,S1,4
471,"GUU-Juvenilia-Amo7-07Abr08-365-20,3-2,5-0,5-DIR.jpg",20.3,Abr,S1,1
472,"GUU-Juvenilia-Amo7-07Abr08-365-20,3-2,5-0,5-ESQ.jpg",20.3,Abr,S1,2
473,"GUU-Juvenilia-Amo7-07Abr08-366-20,6-2,5-0,5-DIR.jpg",20.6,Abr,S1,3
474,"GUU-Juvenilia-Amo7-07Abr08-366-20,6-2,5-0,5-ESQ.jpg",20.6,Abr,S1,3
475,"GUU-Juvenilia-Amo7-07Abr08-367-21,2-2,5-0,5-DIR.jpg",21.2,Abr,S1,3
476,"GUU-Juvenilia-Amo7-07Abr08-367-21,2-2,5-0,5-ESQ.jpg",21.2,Abr,S1,5
477,"GUU-Juvenilia-Amo7-07Abr08-368-21,6-2,5-0,5-DIR.jpg",21.6,Abr,S1,4
478,"GUU-Juvenilia-Amo7-07Abr08-368-21,6-2,5-0,5-ESQ.jpg",21.6,Abr,S1,5
479,"GUU-Juvenilia-Amo7-07Abr08-369-21,2-2,5-0,5-DIR.jpg",21.2,Abr,S1,3
480,"GUU-Juvenilia-Amo7-07Abr08-369-21,2-2,5-0,5-ESQ.jpg",21.2,Abr,S1,2
481,"GUU-Juvenilia-Amo7-07Abr08-370-21,1-2,5-0,5-DIR.jpg",21.1,Abr,S1,4
482,"GUU-Juvenilia-Amo7-07Abr08-370-21,1-2,5-0,5-ESQ.jpg",21.1,Abr,S1,3
483,"GUU-Juvenilia-Amo7-07Abr08-371-21,6-2,5-0,5-DIR.jpg",21.6,Abr,S1,3
484,"GUU-Juvenilia-Amo7-07Abr08-371-21,6-2,5-0,5-ESQ.jpg",21.6,Abr,S1,3
485,"GUU-Juvenilia-Amo7-07Abr08-372-21-2,5-0,5-DIR.jpg",21.0,Abr,S1,4
486,"GUU-Juvenilia-Amo7-07Abr08-372-21-2,5-0,5-ESQ.jpg",21.0,Abr,S1,8
487,"GUU-Juvenilia-Amo7-07Abr08-373-21-2,5-0,5-DIR.jpg",21.0,Abr,S1,4
488,"GUU-Juvenilia-Amo7-07Abr08-373-21-2,5-0,5-ESQ.jpg",21.0,Abr,S1,4
489,"GUU-Juvenilia-Amo7-07Abr08-374-21,9-2,5-0,5-ESQ.jpg",21.9,Abr,S1,2
490,"GUU-Juvenilia-Amo7-07Abr08-375-21,4-2,5-0,5-DIR.jpg",21.4,Abr,S1,5
491,"GUU-Juvenilia-Amo7-07Abr08-375-21,4-2,5-0,5-ESQ.jpg",21.4,Abr,S1,3
492,"GUU-Juvenilia-Amo7-07Abr08-376-21,7-2,5-0,5-DIR.jpg",21.7,Abr,S1,4
493,"GUU-Juvenilia-Amo7-07Abr08-376-21,7-2,5-0,5-ESQ.jpg",21.7,Abr,S1,2
494,"GUU-Juvenilia-Amo7-07Abr08-377-22,1-2,5-0,5-DIR.jpg",22.1,Abr,S1,4
495,"GUU-Juvenilia-Amo7-07Abr08-377-22,1-2,5-0,5-ESQ.jpg",22.1,Abr,S1,4
496,"GUU-Juvenilia-Amo7-07Abr08-378-22,4-2,5-0,5-DIR.jpg",22.4,Abr,S1,3
497,"GUU-Juvenilia-Amo7-07Abr08-378-22,4-2,5-0,5-ESQ.jpg",22.4,Abr,S1,4
498,"GUU-Juvenilia-Amo7-07Abr08-379-22,2-2,5-0,5-DIR.jpg",22.2,Abr,S1,4
499,"GUU-Juvenilia-Amo7-07Abr08-379-22,2-2,5-0,5-ESQ.jpg",22.2,Abr,S1,4
500,"GUU-Juvenilia-Amo7-07Abr08-380-22,2-2,5-0,5-DIR.jpg",22.2,Abr,S1,3
501,"GUU-Juvenilia-Amo7-07Abr08-380-22,2-2,5-0,5-ESQ.jpg",22.2,Abr,S1,3
502,"GUU-Juvenilia-Amo7-07Abr08-381-22,5-2,5-0,5-DIR.jpg",22.5,Abr,S1,5
503,"GUU-Juvenilia-Amo7-07Abr08-381-22,5-2,5-0,5-ESQ.jpg",22.5,Abr,S1,4
504,"GUU-Juvenilia-Amo7-07Abr08-382-22,4-2,5-0,5-DIR.jpg",22.4,Abr,S1,3
505,"GUU-Juvenilia-Amo7-07Abr08-382-22,4-2,5-0,5-ESQ.jpg",22.4,Abr,S1,3
506,"GUU-Juvenilia-Amo7-07Abr08-383-22,5-2,5-0,5-DIR.jpg",22.5,Abr,S1,5
507,"GUU-Juvenilia-Amo7-07Abr08-383-22,5-2,5-0,5-ESQ.jpg",22.5,Abr,S1,4
508,"GUU-Juvenilia-Amo7-07Abr08-384-22-2-0,5-.jpg",22.0,Abr,S1,2
509,"GUU-Juvenilia-Amo7-07Abr08-385-22,8-2-0,5-DIR.jpg",22.8,Abr,S1,3
510,"GUU-Juvenilia-Amo7-07Abr08-386-22,4-2-0,5-.jpg",22.4,Abr,S1,1
511,"GUU-Juvenilia-Amo7-07Abr08-387-23,9-2-0,5-.jpg",23.9,Abr,S1,5
512,"GUU-Juvenilia-Amo7-07Abr08-388-23,3-2-0,5-.jpg",23.3,Abr,S1,5
513,"GUU-Juvenilia-Amo7-07Abr08-389-23,2-2-0,5-.jpg",23.2,Abr,S1,1
514,"GUU-Juvenilia-Amo7-07Abr08-390-23,6-2-0,5-.jpg",23.6,Abr,S1,3
515,"GUU-Juvenilia-Amo7-07Abr08-391-23-2-0,5-.jpg",23.0,Abr,S1,5
516,"GUU-Juvenilia-Amo7-07Abr08-392-23,2-2-0,5-.jpg",23.2,Abr,S1,4
517,"GUU-Juvenilia-Amo7-07Abr08-393-23,7-2-0,5-.jpg",23.7,Abr,S1,3
518,"GUU-Juvenilia-Amo7-07Abr08-394-23,1-2-0,5-.jpg",23.1,Abr,S1,3
519,"GUU-Juvenilia-Amo7-07Abr08-395-23,2-2-0,5-.jpg",23.2,Abr,S1,5
520,"GUU-Juvenilia-Amo7-07Abr08-396-23,5-2-0,5-.jpg",23.5,Abr,S1,1
521,"GUU-Juvenilia-Amo7-07Abr08-397-24,3-2-0,5-.jpg",24.3,Abr,S1,5
522,"GUU-Juvenilia-Amo7-07Abr08-398-24,1-2-0,5-.jpg",24.1,Abr,S1,3
523,"GUU-Juvenilia-Amo7-07Abr08-399-24,3-2-0,5-.jpg",24.3,Abr,S1,5
524,"GUU-Juvenilia-Amo7-07Abr08-400-24,8-2-0,5-.jpg",24.8,Abr,S1,3
525,"GUU-Juvenilia-Amo7-07Abr08-401-24,8-2-0,5-.jpg",24.8,Abr,S1,4
526,"GUU-Juvenilia-Amo7-07Abr08-402-24-2-0,5-.jpg",24.0,Abr,S1,3
527,"GUU-Juvenilia-Amo7-07Abr08-403-24,9-2-0,5-.jpg",24.9,Abr,S1,3
528,"GUU-Juvenilia-Amo7-07Abr08-404-24,3-2-0,5-.jpg",24.3,Abr,S1,3
529,"GUU-Juvenilia-Amo7-07Abr08-405-24-2-0,5-DIR.jpg",24.0,Abr,S1,3
530,"GUU-Juvenilia-Amo7-07Abr08-406-24-2-0,5-.jpg",24.0,Abr,S1,3
531,"GUU-Juvenilia-Amo7-07Abr08-407-25-2-0,5-DIR.jpg",25.0,Abr,S1,2
532,"GUU-Juvenilia-Amo7-07Abr08-407-25-2-0,5-ESQ.jpg",25.0,Abr,S1,4
533,"GUU-Juvenilia-Amo7-07Abr08-408-25,7-2-0,5-DIR.jpg",25.7,Abr,S1,6
534,"GUU-Juvenilia-Amo7-07Abr08-409-25,7-2-0,5-.jpg",25.7,Abr,S1,3
535,"GUU-Juvenilia-Amo7-07Abr08-410-25,2-2-0,5-.jpg",25.2,Abr,S1,4
536,"GUU-Juvenilia-Amo7-07Abr08-411-25,7-2-0,5-.jpg",25.7,Abr,S1,3
537,"GUU-Juvenilia-Amo7-07Abr08-412-25-2-0,5-.jpg",25.0,Abr,S1,6
538,"GUU-Juvenilia-Amo7-07Abr08-413-25,9-2-0,5-DIR.jpg",25.9,Abr,S1,4
539,"GUU-Juvenilia-Amo7-07Abr08-414-26,8-2-0,5-DIR.jpg",26.8,Abr,S1,4
540,"GUU-Juvenilia-Amo7-07Abr08-414-26,8-2-0,5-ESQ.jpg",26.8,Abr,S1,3
541,"GUU-Juvenilia-Amo7-07Abr08-415-26-2-0,5-DIR.jpg",26.0,Abr,S1,1
542,"GUU-Juvenilia-Amo7-07Abr08-415-26-2-0,5-ESQ.jpg",26.0,Abr,S1,5
543,"GUU-Juvenilia-Amo7-07Abr08-416-27,2-2-0,5-DIR.jpg",27.2,Abr,S1,6
544,"GUU-Juvenilia-Amo7-07Abr08-416-27,2-2-0,5-ESQ.jpg",27.2,Abr,S1,3
545,"GUU-Mar Roxo-Amo4-27Fev08-182-20,7-2-0,5.jpg",20.7,Fev,S1,4
546,"GUU-Mar Roxo-Amo4-27Fev08-183-20,7-2-0,5.jpg",20.7,Fev,S1,2
547,"GUU-Mar Roxo-Amo4-27Fev08-184-21,5-2-0,5.jpg",21.5,Fev,S1,6
548,"GUU-Mar Roxo-Amo4-27Fev08-184-21,5-3,2-0,5-ESQ.jpg",21.5,Fev,S1,5
549,"GUU-Mar Roxo-Amo4-27Fev08-185-21,6-2-0,5-.jpg",21.6,Fev,S1,4
550,"GUU-Mar Roxo-Amo4-27Fev08-185-21,6-3,2-0,5-ESQ.jpg",21.6,Fev,S1,3
551,"GUU-Mar Roxo-Amo4-27Fev08-186-21,2-2-0,5-.jpg",21.2,Fev,S1,5
552,"GUU-Mar Roxo-Amo4-27Fev08-187-21,7-2-0,5-.jpg",21.7,Fev,S1,2
553,"GUU-Mar Roxo-Amo4-27Fev08-187-21,7-3,2-0,5-ESQ.jpg",21.7,Fev,S1,4
554,"GUU-Mar Roxo-Amo4-27Fev08-188-21,2-3,2-0,5-ESQ.jpg",21.2,Fev,S1,1
555,"GUU-Mar Roxo-Amo4-27Fev08-189-21-2-0,5-.jpg",21.0,Fev,S1,3
556,"GUU-Mar Roxo-Amo4-27Fev08-189-21-3,2-0,5-ESQ.jpg",21.0,Fev,S1,3
557,"GUU-Mar Roxo-Amo4-27Fev08-190-22,8-2-0,5-.jpg",22.8,Fev,S1,6
558,"GUU-Mar Roxo-Amo4-27Fev08-190-22,8-3,2-0,5-ESQ.jpg",22.8,Fev,S1,2
559,"GUU-Mar Roxo-Amo4-27Fev08-191-22,7-2-0,5-.jpg",22.7,Fev,S1,3
560,"GUU-Mar Roxo-Amo4-27Fev08-191-22,7-3,2-0,5-ESQ.jpg",22.7,Fev,S1,3
561,"GUU-Mar Roxo-Amo4-27Fev08-192-22,8-2-0,5-.jpg",22.8,Fev,S1,4
562,"GUU-Mar Roxo-Amo4-27Fev08-192-22,8-3,2-0,5-ESQ.jpg",22.8,Fev,S1,5
563,"GUU-Mar Roxo-Amo4-27Fev08-193-22,4-2-0,5-.jpg",22.4,Fev,S1,3
564,"GUU-Mar Roxo-Amo4-27Fev08-193-22,4-3,2-0,5-ESQ.jpg",22.4,Fev,S1,4
565,"GUU-Mar Roxo-Amo4-27Fev08-194-22,2-2-0,5-.jpg",22.2,Fev,S1,3
566,"GUU-Mar Roxo-Amo4-27Fev08-194-22,2-3,2-0,5-ESQ.jpg",22.2,Fev,S1,3
567,"GUU-Mar Roxo-Amo4-27Fev08-195-22,3-2-0,5-.jpg",22.3,Fev,S1,2
568,"GUU-Mar Roxo-Amo4-27Fev08-195-22,3-3,2-0,5-ESQ.jpg",22.3,Fev,S1,7
569,"GUU-Mar Roxo-Amo4-27Fev08-196-22,9-2,5-0,5-ESQ.jpg",22.9,Fev,S1,4
570,"GUU-Mar Roxo-Amo4-27Fev08-196-22,9-2-0,5-.jpg",22.9,Fev,S1,3
571,"GUU-Mar Roxo-Amo4-27Fev08-197-22,9-2-0,5-.jpg",22.9,Fev,S1,6
572,"GUU-Mar Roxo-Amo4-27Fev08-197-22,9-3,2-0,5-ESQ.jpg",22.9,Fev,S1,6
573,"GUU-Mar Roxo-Amo4-27Fev08-198-22,9-2-0,5-.jpg",22.9,Fev,S1,2
574,"GUU-Mar Roxo-Amo4-27Fev08-198-22,9-3,2-0,5-ESQ.jpg",22.9,Fev,S1,5
575,"GUU-Mar Roxo-Amo4-27Fev08-199-22,6-2-0,5-.jpg",22.6,Fev,S1,2
576,"GUU-Mar Roxo-Amo4-27Fev08-200-23,3-2-0,5-.jpg",23.3,Fev,S1,5
577,"GUU-Mar Roxo-Amo4-27Fev08-201-23,7-2,5-0,5-ESQ.jpg",23.7,Fev,S1,5
578,"GUU-Mar Roxo-Amo4-27Fev08-201-23,7-2-0,5-.jpg",23.7,Fev,S1,2
579,"GUU-Mar Roxo-Amo4-27Fev08-202-23,4-1,6-0,5-.jpg",23.4,Fev,S1,5
580,"GUU-Mar Roxo-Amo4-27Fev08-202-23,4-2,5-0,5-ESQ.jpg",23.4,Fev,S1,4
581,"GUU-Mar Roxo-Amo4-27Fev08-203-23,2-2-0,5-.jpg",23.2,Fev,S1,5
582,"GUU-Mar Roxo-Amo4-27Fev08-204-23,8-1,6-0,5-.jpg",23.8,Fev,S1,3
583,"GUU-Mar Roxo-Amo4-27Fev08-204-23,8-2,5-0,5-ESQ.jpg",23.8,Fev,S1,3
584,"GUU-Mar Roxo-Amo4-27Fev08-205-23,7-2-0,5-.jpg",23.7,Fev,S1,3
585,"GUU-Mar Roxo-Amo4-27Fev08-205-23,7-3,2-0,5-ESQ.jpg",23.7,Fev,S1,7
586,"GUU-Mar Roxo-Amo4-27Fev08-206-23,9-1,6-0,5-.jpg",23.9,Fev,S1,6
587,"GUU-Mar Roxo-Amo4-27Fev08-206-23,9-2,5-0,5-ESQ.jpg",23.9,Fev,S1,5
588,"GUU-Mar Roxo-Amo4-27Fev08-207-23,7-1,6-0,5-.jpg",23.7,Fev,S1,5
589,"GUU-Mar Roxo-Amo4-27Fev08-207-23,7-2,5-0,5-DIR.jpg",23.7,Fev,S1,2
590,"GUU-Mar Roxo-Amo4-27Fev08-208-23,2-2,5-0,5-DIR.jpg",23.2,Fev,S1,2
591,"GUU-Mar Roxo-Amo4-27Fev08-208-23,2-2-0,5-.jpg",23.2,Fev,S1,6
592,"GUU-Mar Roxo-Amo4-27Fev08-209-23,7-2,5-0,5-ESQ.jpg",23.7,Fev,S1,4
593,"GUU-Mar Roxo-Amo4-27Fev08-209-23,7-2-0,5-.jpg",23.7,Fev,S1,2
594,"GUU-Mar Roxo-Amo4-27Fev08-210-24,2-2,5-0,5-ESQ.jpg",24.2,Fev,S1,4
595,"GUU-Mar Roxo-Amo4-27Fev08-210-24,2-2-0,5-.jpg",24.2,Fev,S1,3
596,"GUU-Mar Roxo-Amo4-27Fev08-211-24,7-2,5-0,5-ESQ.jpg",24.7,Fev,S1,3
597,"GUU-Mar Roxo-Amo4-27Fev08-212-24,2-2,5-0,5-ESQ.jpg",24.2,Fev,S1,4
598,"GUU-Mar Roxo-Amo4-27Fev08-212-24,2-2-0,5-.jpg",24.2,Fev,S1,3
599,"GUU-Mar Roxo-Amo4-27Fev08-213-24,7-2,5-0,5-DIR.jpg",24.7,Fev,S1,4
600,"GUU-Mar Roxo-Amo4-27Fev08-214-24,5-2,5-0,5-ESQ.jpg",24.5,Fev,S1,3
601,"GUU-Mar Roxo-Amo4-27Fev08-214-24,5-2-0,5-.jpg",24.5,Fev,S1,4
602,"GUU-Mar Roxo-Amo4-27Fev08-215-24,5-2,5-0,5-ESQ.jpg",24.5,Fev,S1,5
603,"GUU-Mar Roxo-Amo4-27Fev08-215-24,5-2-0,5-.jpg",24.5,Fev,S1,4
604,"GUU-Mar Roxo-Amo4-27Fev08-216-24,8-1,6-0,5-.jpg",24.8,Fev,S1,5
605,"GUU-Mar Roxo-Amo4-27Fev08-216-24,8-2,5-0,5-ESQ.jpg",24.8,Fev,S1,3
606,"GUU-Mar Roxo-Amo4-27Fev08-217-24,5-1,6-0,5-.jpg",24.5,Fev,S1,5
607,"GUU-Mar Roxo-Amo4-27Fev08-217-24,5-2,5-0,5-DIR.jpg",24.5,Fev,S1,2
608,"GUU-Mar Roxo-Amo4-27Fev08-218-24,9-2,5-0,5-ESQ.jpg",24.9,Fev,S1,4
609,"GUU-Mar Roxo-Amo4-27Fev08-218-24,9-2-0,5-.jpg",24.9,Fev,S1,4
610,"GUU-Mar Roxo-Amo4-27Fev08-219-24,2-2,5-0,5-ESQ.jpg",24.2,Fev,S1,6
611,"GUU-Mar Roxo-Amo4-27Fev08-219-24,2-2-0,5-.jpg",24.2,Fev,S1,2
612,"GUU-Mar Roxo-Amo4-27Fev08-220-25,2-1,6-0,5-.jpg",25.2,Fev,S1,4
613,"GUU-Mar Roxo-Amo4-27Fev08-220-25,2-2,5-0,5-ESQ.jpg",25.2,Fev,S1,3
614,"GUU-Mar Roxo-Amo4-27Fev08-221-25,9-1,6-0,5-.jpg",25.9,Fev,S1,1
615,"GUU-Mar Roxo-Amo4-27Fev08-221-25,9-2,5-0,5-ESQ.jpg",25.9,Fev,S1,1
616,"GUU-Mar Roxo-Amo4-27Fev08-222-25-2,5-0,5-ESQ.jpg",25.0,Fev,S1,2
617,"GUU-Mar Roxo-Amo4-27Fev08-222-25-2-0,5-.jpg",25.0,Fev,S1,3
618,"GUU-Mar Roxo-Amo4-27Fev08-223-25,4-1,6-0,5-.jpg",25.4,Fev,S1,4
619,"GUU-Mar Roxo-Amo4-27Fev08-223-25,4-2,5-0,5-ESQ.jpg",25.4,Fev,S1,2
620,"GUU-Mar Roxo-Amo4-27Fev08-224-25,4-2,5-0,5-ESQ.jpg",25.4,Fev,S1,4
621,"GUU-Mar Roxo-Amo4-27Fev08-224-25,4-2-0,5-.jpg",25.4,Fev,S1,2
622,"GUU-Mar Roxo-Amo4-27Fev08-225-25,6-1,6-0,5-.jpg",25.6,Fev,S1,5
623,"GUU-Mar Roxo-Amo4-27Fev08-225-25,6-2,5-0,5-ESQ.jpg",25.6,Fev,S1,1
624,"GUU-Mar Roxo-Amo4-27Fev08-226-25,3-1,6-0,5-.jpg",25.3,Fev,S1,5
625,"GUU-Mar Roxo-Amo4-27Fev08-226-25,3-2,5-0,5-ESQ.jpg",25.3,Fev,S1,4
626,"GUU-Mar Roxo-Amo4-27Fev08-227-25,3-1,6-0,5-.jpg",25.3,Fev,S1,3
627,"GUU-Mar Roxo-Amo4-27Fev08-227-25,3-2,5-0,5-ESQ.jpg",25.3,Fev,S1,2
628,"GUU-Mar Roxo-Amo4-27Fev08-228-25,3-1,6-0,5-.jpg",25.3,Fev,S1,4
629,"GUU-Mar Roxo-Amo4-27Fev08-228-25,3-2,5-0,5-ESQ.jpg",25.3,Fev,S1,7
630,"GUU-Mar Roxo-Amo4-27Fev08-229-25,6-1,6-0,5-.jpg",25.6,Fev,S1,6
631,"GUU-Mar Roxo-Amo4-27Fev08-229-25,6-2,5-0,5-ESQ.jpg",25.6,Fev,S1,6
632,"GUU-Mar Roxo-Amo4-27Fev08-230-26,1-1,6-0,5-.jpg",26.1,Fev,S1,1
633,"GUU-Mar Roxo-Amo4-27Fev08-230-26,1-2,5-0,5-ESQ.jpg",26.1,Fev,S1,6
634,"GUU-Mar Roxo-Amo4-27Fev08-231-26,1-1,6-0,5-.jpg",26.1,Fev,S1,4
635,"GUU-Mar Roxo-Amo4-27Fev08-231-26,1-2,5-0,5-ESQ.jpg",26.1,Fev,S1,2
636,"GUU-Mar Roxo-Amo4-27Fev08-232-26-1,6-0,5-.jpg",26.0,Fev,S1,1
637,"GUU-Mar Roxo-Amo4-27Fev08-232-26-2,5-0,5-ESQ.jpg",26.0,Fev,S1,4
638,"GUU-Mar Roxo-Amo4-27Fev08-233-26,8-1,6-0,5-.jpg",26.8,Fev,S1,5
639,"GUU-Mar Roxo-Amo4-27Fev08-233-26,8-2,5-0,5-ESQ.jpg",26.8,Fev,S1,2
640,"GUU-Mar Roxo-Amo4-27Fev08-234-27,7-1,6-0,5-.jpg",27.7,Fev,S1,3
641,"GUU-Mar Roxo-Amo4-27Fev08-234-27,7-2-0,5-ESQ.jpg",27.7,Fev,S1,3
642,"GUU-Mar Roxo-Amo4-27Fev08-235-27,1-1,6-0,5-.jpg",27.1,Fev,S1,1
643,"GUU-Mar Roxo-Amo4-27Fev08-235-27,1-2,5-0,5-ESQ.jpg",27.1,Fev,S1,5
644,"GUU-Mar Roxo-Amo4-27Fev08-236-28,3-1,6-0,5-.jpg",28.3,Fev,S1,5
645,"GUU-Mar Roxo-Amo4-27Fev08-236-28,3-2-0,5-ESQ.jpg",28.3,Fev,S1,4
646,"GUU-Mar Roxo-Amo4-27Fev08-237-28-1,6-0,5-.jpg",28.0,Fev,S1,2
647,"GUU-Mar Roxo-Amo4-27Fev08-237-28-2,5-0,5-ESQ.jpg",28.0,Fev,S1,2
648,"GUU-Mar Roxo-Amo4-27Fev08-238-28,6-1,6-0,5-.jpg",28.6,Fev,S1,3
649,"GUU-Mar Roxo-Amo4-27Fev08-238-28,6-2,5-0,5-ESQ.jpg",28.6,Fev,S1,3
650,"GUU-Mar Roxo-Amo4-27Fev08-239-29,1-1,6-0,5-.jpg",29.1,Fev,S1,3
651,"GUU-Mar Roxo-Amo4-27Fev08-239-29,1-2-0,5-ESQ.jpg",29.1,Fev,S1,3
652,"GUU-Mar Roxo-Amo4-27Fev08-240-30,2-1,6-0,5-.jpg",30.2,Fev,S1,2
653,"GUU-Mar Roxo-Amo4-27Fev08-240-30,2-2-0,5-ESQ.jpg",30.2,Fev,S1,3
654,"GUU-Mar Roxo-Amo4-27Fev08-241-31,4-2-0,5-ESQ.jpg",31.4,Fev,S1,3
655,"GUU-MardeLagos-Amo1-07Jan08-1-20,4-2-0,5.jpg",20.4,Jan,S1,7
656,"GUU-MardeLagos-Amo1-07Jan08-10-21,1-2-0,5.jpg",21.1,Jan,S1,2
657,"GUU-MardeLagos-Amo1-07Jan08-11-22,3-2-0,5.jpg",22.3,Jan,S1,2
658,"GUU-MardeLagos-Amo1-07Jan08-12-22,8-2-0,5.jpg",22.8,Jan,S1,4
659,"GUU-MardeLagos-Amo1-07Jan08-13-22,5-2-0,5.jpg",22.5,Jan,S1,5
660,"GUU-MardeLagos-Amo1-07Jan08-14-22,7-2-0,5.jpg",22.7,Jan,S1,1
661,"GUU-MardeLagos-Amo1-07Jan08-15-22,4-2-0,5.jpg",22.4,Jan,S1,4
662,"GUU-MardeLagos-Amo1-07Jan08-16-22,7-2-0,5.jpg",22.7,Jan,S1,6
663,"GUU-MardeLagos-Amo1-07Jan08-17-22,2-2-0,5.jpg",22.2,Jan,S1,6
664,"GUU-MardeLagos-Amo1-07Jan08-18-22,4-2-0,5.jpg",22.4,Jan,S1,5
665,"GUU-MardeLagos-Amo1-07Jan08-19-22,9-2-0,5.jpg",22.9,Jan,S1,5
666,"GUU-MardeLagos-Amo1-07Jan08-2-20,2-2-0,5.jpg",20.2,Jan,S1,2
667,"GUU-MardeLagos-Amo1-07Jan08-20-22,8-2-0,5.jpg",22.8,Jan,S1,4
668,"GUU-MardeLagos-Amo1-07Jan08-21-23,9-2-0,5.jpg",23.9,Jan,S1,5
669,"GUU-MardeLagos-Amo1-07Jan08-22-23,5-2-0,5.jpg",23.5,Jan,S1,3
670,"GUU-MardeLagos-Amo1-07Jan08-23-23,8-2-0,5.jpg",23.8,Jan,S1,3
671,"GUU-MardeLagos-Amo1-07Jan08-24-23,9-2-0,5.jpg",23.9,Jan,S1,2
672,"GUU-MardeLagos-Amo1-07Jan08-25-23,8-2-0,5.jpg",23.8,Jan,S1,3
673,"GUU-MardeLagos-Amo1-07Jan08-26-23,4-2-0,5.jpg",23.4,Jan,S1,6
674,"GUU-MardeLagos-Amo1-07Jan08-27-23,2-2-0,5.jpg",23.2,Jan,S1,2
675,"GUU-MardeLagos-Amo1-07Jan08-28-23,8-2-0,5.jpg",23.8,Jan,S1,7
676,"GUU-MardeLagos-Amo1-07Jan08-29-23,6-2-0,5.jpg",23.6,Jan,S1,5
677,"GUU-MardeLagos-Amo1-07Jan08-3-20,7-2-0,5.jpg",20.7,Jan,S1,5
678,"GUU-MardeLagos-Amo1-07Jan08-30-23,9-2-0,5.jpg",23.9,Jan,S1,2
679,"GUU-MardeLagos-Amo1-07Jan08-31-24,4-2-0,5.jpg",24.4,Jan,S1,3
680,"GUU-MardeLagos-Amo1-07Jan08-32-24,7-2-0,5.jpg",24.7,Jan,S1,5
681,"GUU-MardeLagos-Amo1-07Jan08-33-24,1-2-0,5.jpg",24.1,Jan,S1,2
682,"GUU-MardeLagos-Amo1-07Jan08-34-24,7-2-0,5.jpg",24.7,Jan,S1,4
683,"GUU-MardeLagos-Amo1-07Jan08-35-24,3-2-0,5.jpg",24.3,Jan,S1,4
684,"GUU-MardeLagos-Amo1-07Jan08-36-25,9-2-0,5.jpg",25.9,Jan,S1,5
685,"GUU-MardeLagos-Amo1-07Jan08-37-25,4-2-0,5.jpg",25.4,Jan,S1,5
686,"GUU-MardeLagos-Amo1-07Jan08-38-25,2-1,6-0,5.jpg",25.2,Jan,S1,2
687,"GUU-MardeLagos-Amo1-07Jan08-39-25,3-1,6-0,5.jpg",25.3,Jan,S1,5
688,"GUU-MardeLagos-Amo1-07Jan08-4-20,4-2-0,5.jpg",20.4,Jan,S1,5
689,"GUU-MardeLagos-Amo1-07Jan08-40-25,1-2-0,5.jpg",25.1,Jan,S1,4
690,"GUU-MardeLagos-Amo1-07Jan08-41-25,3-2-0,5.jpg",25.3,Jan,S1,3
691,"GUU-MardeLagos-Amo1-07Jan08-42-25,2-2-0,5.jpg",25.2,Jan,S1,2
692,"GUU-MardeLagos-Amo1-07Jan08-43-25,2-2-0,5.jpg",25.2,Jan,S1,4
693,"GUU-MardeLagos-Amo1-07Jan08-44-26,5-2-0,5.jpg",26.5,Jan,S1,4
694,"GUU-MardeLagos-Amo1-07Jan08-45-26,2-2-0,5.jpg",26.2,Jan,S1,4
695,"GUU-MardeLagos-Amo1-07Jan08-46-27,1-2-0,5.jpg",27.1,Jan,S1,1
696,"GUU-MardeLagos-Amo1-07Jan08-5-21,7-2-0,5.jpg",21.7,Jan,S1,4
697,"GUU-MardeLagos-Amo1-07Jan08-6-21,9-2-0,5.jpg",21.9,Jan,S1,5
698,"GUU-MardeLagos-Amo1-07Jan08-7-21,3-2-0,5.jpg",21.3,Jan,S1,6
699,"GUU-MardeLagos-Amo1-07Jan08-8-21,6-2-0,5.jpg",21.6,Jan,S1,6
700,"GUU-MardeLagos-Amo1-07Jan08-9-21,5-2-0,5.jpg",21.5,Jan,S1,4
